species_name,itrdb_species_code,wood_type,leaf_habit,tree_ring_structure
Abies Mill. fir,ABSP,gymnosperm,evergreen,conifer
Abies alba Mill.,ABAL,gymnosperm,evergreen,conifer
Abies amabilis Dougl. ex Forbes,ABAM,gymnosperm,evergreen,conifer
Abies balsamea (L.) Mill.,ABBA,gymnosperm,evergreen,conifer
Abies borisii-regis Mattf.,ABBO,gymnosperm,evergreen,conifer
Abies bornmuelleriana Mattf.,ABBN,gymnosperm,evergreen,conifer
Abies bracteata (D.Don) Nutt.,ABBR,gymnosperm,evergreen,conifer
Abies cephalonica Loud.,ABCE,gymnosperm,evergreen,conifer
Abies chensiensis van Tiegh,ABCH,gymnosperm,evergreen,conifer
Abies cilicica (Ant. & Kotschy) Carr.,ABCI,gymnosperm,evergreen,conifer
Abies concolor (Gord. & Glend.) Lindl. ex Hildebr.,ABCO,gymnosperm,evergreen,conifer
Abies equi-trojani Aschers. & Sint.,ABEQ,gymnosperm,evergreen,conifer
Abies faxoniana Rehd. & Wils.,ABFX,gymnosperm,evergreen,conifer
Abies firma Sieb. & Zucc.,ABFI,gymnosperm,evergreen,conifer
Abies forestii Rogers,ABFO,gymnosperm,evergreen,conifer
Abies fraseri (Pursh) Poir.,ABFR,gymnosperm,evergreen,conifer
Abies grandis (Dougl. ex D. Don) Lindl.,ABGR,gymnosperm,evergreen,conifer
Abies holophylla Maxim.,ABHO,gymnosperm,evergreen,conifer
Abies kawakamii (Hayata) Ito,ABKA,gymnosperm,evergreen,conifer
Abies koreana Wils.,ABKO,gymnosperm,evergreen,conifer
Abies lasiocarpa (Hook.) Nutt.,ABLA,gymnosperm,evergreen,conifer
Abies magnifica A. Murr.,ABMA,gymnosperm,evergreen,conifer
Abies mariessi Mast.,ABMR,gymnosperm,evergreen,conifer
Abies marocana Trabut,ABMC,gymnosperm,evergreen,conifer
Abies nebrodensis (Lojac.) Mattei,ABNB,gymnosperm,evergreen,conifer
Abies nephrolepis Maxim.,ABNE,gymnosperm,evergreen,conifer
Abies nordmanniana (Stev.) Spach,ABNO,gymnosperm,evergreen,conifer
Abies numidica De Lannoy ex. Carr.,ABNU,gymnosperm,evergreen,conifer
Abies pindrow (Royle) Spach,ABPI,gymnosperm,evergreen,conifer
Abies pinsapo Boiss.,ABPN,gymnosperm,evergreen,conifer
Abies procera Rehd.,ABPR,gymnosperm,evergreen,conifer
Abies recurvata Mast.,ABRC,gymnosperm,evergreen,conifer
Abies religiosa Schlecht.,ABRE,gymnosperm,evergreen,conifer
Abies sachalinensis (Schmidt) Mast.,ABSA,gymnosperm,evergreen,conifer
Abies sibirica Ledeb.,ABSI,gymnosperm,evergreen,conifer
Abies spectabilis (D. Don) Spach,ABSB,gymnosperm,evergreen,conifer
Abies squamata Mast.,ABSQ,gymnosperm,evergreen,conifer
Abies vietchii Lindl.,ABVI,gymnosperm,evergreen,conifer
Acacia alpina F.Muell.,ACAL,,,
Acacia catechu Willd.,ACCA,,,
Acacia giraffae Willd.,ACGI,,,
Acacia hotwittii,ACHO,,,
Acacia melanoxylon R.Br.,ACME,,,
Acacia nilotica (L.) Willd. ex Delile,ACNI,,,
Acacia raddiana Savia,ACRA,,,
Acer L.,ACSP,angiosperm,deciduous,diffuse-porous
Acer campestre L.,ACCA,angiosperm,deciduous,diffuse-porous
Acer negundo L.,ACNE,angiosperm,deciduous,diffuse-porous
Acer mono Maxim.,ACMO,angiosperm,deciduous,diffuse-porous
Acer opalus Mill.,ACOP,angiosperm,deciduous,diffuse-porous
Acer pensylvanicum L.,ACPE,angiosperm,deciduous,diffuse-porous
Acer platanoides L.,ACPL,angiosperm,deciduous,diffuse-porous
Acer pseudoplatanus L.,ACPS,angiosperm,deciduous,diffuse-porous
Acer rubrum L.,ACRU,angiosperm,deciduous,diffuse-porous
Acer saccharinum L.,ACSA,angiosperm,deciduous,diffuse-porous
Acer saccharum Marsh.,ACSH,angiosperm,deciduous,diffuse-porous
Acer spicatum Lam.,ACSC,angiosperm,deciduous,diffuse-porous
Acer turkestanica Pax,ACTU,angiosperm,deciduous,diffuse-porous
Adansonia digitata L.,ADDI,,,
Adenostoma fasciculatum Hook. & Arn.,ADFA,,,
Adesmia horrida Gill.,ADHO,,,
Adesmia uspallatensis Gill.,ADUS,,,
Aesculus hippocastanum L.,AEHI,,,
Aextoxicon punctatum R. & Pav.,AEPU,,,
Afzelia africana Smith,AFAF,,,
Afzelia quanzensis Welw.,AFQU,,,
Agathis australis (D.Don) Lindley,AGAU,,,
Agathis macrophylla,AGMA,,,
Agathis moorei Mast.,AGMO,,,
Agathis ovata Warb.,AGOV,,,
Agathis palmerstoni F.v.M.,AGPA,,,
Agathis robusta (C. Moore ex F. Muell) Bailey,AGRO,,,
Agathis vitiensis (Seeman) Benth. & Hook.f. ex Drake,AGVI,,,
Ailanthus altissima (Mill.) Swingle,AIAL,,,
Allocasuarina verticillata (Lam.) L.A.S. Johnson,ALVE,,,
Alnus Mill.,ALSP,,,
Alnus glutinosa (L.) Gaertn.,ALGL,,,
Alnus hirsuta (Spach.) Rupr.,ALHI,,,
Alnus incana (L.) Moench,ALIN,,,
Alnus maximowiczii Callier,ALMA,,,
Alnus rhombifolia Nutt.,ALRH,,,
Alnus rubra Bong.,ALRU,,,
Alnus rugosa (Du Roi) Spreng.,ALRG,,,
Alnus serrulata (Ait.) Willd.,ALSE,,,
Alnus sinuata (Regel.) Rydb.,ALSI,,,
Alnus viridis (Chaix) DC. in Lam. & DC.,ALVI,,,
Alnus viridis var. crispa (Ait.) Turrill,ALCR,,,
Amelanchier Medik.,AMSP,,,
Amelanchier ovalis M.,AMOV,,,
Amomyrtus luma (Mol.) Legr. & Kaus.,AMLU,,,
Andira coriacea Pulle,ANCO,,,
Annona spraguei ARSP Araucaria A.L. Juss.,ANSP,,,
Araucaria angustifolia (Bertol.) Kuntze,ARAN,,,
Araucaria araucana (Molina) K. Koch,ARAR,,,
Araucaria bidwilli Hook.,ARBI,,,
Araucaria cunninghamii Aiton ex D. Don,ARCU,,,
Araucaria heterophylla (Salisb.) Franco,ARHE,,,
Araucaria hunsteinii Klinki,ARHU,,,
Arctostaphylos glauca Lindl.,ARGL,,,
Artemisia tridentata Nutt.,ARTR,,,
Athrotaxis cupressoides D. Don,ATCU,,,
Athrotaxis selaginoides D. Don,ATSE,,,
Aucoumea klaineana Pierre,AUKL,,,
Austrocedrus chilensis (D. Don) Florin & Boutelje,AUCH,,,
Balanites aegyptiaca Del.,BAAE,,,
Beilschmiedia tawa (A. Cunn.),BLTA,,,
Berberis vulgaria L.,BBVU,,,
Bertholletia excelsa H.B.K.,BTEX,,,
Betula L.,BESP,,,
Betula albosinensis Burk.,BEAB,,,
Betula alleghaniensis Britton,BEAL,,,
Betula ermanii Cham.,BEER,,,
Betula glandulosa Michx.,BEGL,,,
Betula grossa Sieb. & Zucc.,BEGR,,,
Betula lenta L.,BELE,,,
Betula nigra L.,BENI,,,
Betula papyrifera Marsh.,BEPA,,,
Betula papyrifera var. neoalaskana (Sarg.) Raup,BEAK,,,
"Betula pendula Roth = Betula verrucosa Ehrl. silver birch, European white birch",BEPE,angiosperm,deciduous,diffuse-porous
Betula platyphylla Suk.,BEPL,,,
Betula populifolia Marsh.,BEPO,,,
Betula pubescens Ehrh.,BEPU,,,
Betula utilis D.Don,BEUT,,,
Betula verrucosa Ehrl.,BEVE,,,
Bombacopsis quinata (Jaqu.) Dugand,BOQU,,,
Bombax malabaricum DC.,BOMA,,,
Bursera graveolens (Kunth) Triana & Planch.,BUGR,,,
Bursera simaruba (L.) Sarg.,BUSI,,,
Buxus sempervirens L.,BUSE,,,
Callitris Ventenat,CASP,,,
Callitris columellaris F. Muell.,CACO,,,
Callitris intratropica Baker & Smith,CAIN,,,
Callitris macleayana (F. Muell.) F. Muell,CAMA,,,
Callitris preissii Miq.,CAPR,,,
Callitris robusta R. Br. ex Bailey = Callitris preissii Miq.,CARO,,,
Calocedrus decurrens (Torr.) Florin,CADE,,,
Canthium burttii,CABU,,,
Capparis scabrida Kunth,CASC,,,
Carapa procera C.DC.,CAPC,,,
Carpinus betulus L.,CPBE,,,
Carya Nutt.,CYSP,,,
Carya cordoformis (Wangenh.) K. Koch,CYCO,,,
Carya glabra (Mill.) Sweet,CYGL,,,
Carya illinoensis (Wagenh.) K. Koch,CYIL,,,
Carya ovata (Mill.) K. Koch,CYOV,,,
Carya tomentosa (Poir.) Nutt.,CYTO,,,
Caryocar glabrum Aubl.,CAGL,,,
Castanea crenata Sieb. & Zucc.,CACR,,,
Castanea dentata (Marsh.) Borkh.,CADN,,,
Castanea sativa Mill.,CASA,angiosperm,deciduous,ring-porous
Casuarina litoralis Salisb.,CSLI,,,
Catalpa speciosa Warder ex Engelm.,CTSP,,,
Ceanothus crassifolius Torr.,CNCR,,,
Cedrela P.Br.,CESP,,,
Cedrela angustifolia Sesse & Mocino ex DC.  cedro salteno,CEAN,,,
Cedrela fissilis Vell.,CEFI,,,
Cedrela lilloi C. DC.,CELI,,,
Cedrela odorata L.,CEOD,,,
Cedrela toona Roxb. ex. Rottler = Toona australis (F. Muell.),CETO,,,
Cedrus Trew,CDSP,,,
Cedrus atlantica (Endl.) Manetti,CDAT,,,
Cedrus brevifolia Henry = Cedrus libani var. Brevifolia,CDBR,,,
Cedrus deodara (D. Don) G. Don,CDDE,,,
Cedrus libani A. Richard,CDLI,,,
Celtis L.,CLSP,,,
Celtis australis L.,CLAU,,,
Celtis caucasica Willd.,CLCA,,,
Celtis laevigata Willd.,CLLA,,,
Celtis occidentalis L.,CLOC,,,
Celtis reticulata Torr.,CLRE,,,
Cephalanthus occidentalis L.,CEOC,,,
Cercidium microphyllum (Torr.) Rose & Johnst.,CEMI,,,
Cercocarpus Kunth,CRSP,,,
Cercocarpus betuloides Nutt.,CRBE,,,
Cercocarpus ledifolius Nutt.,CRLE,,,
Cercocarpus montanus Raf.,CRMO,,,
Chamaecyparis formosensis Matsum.,CHFO,,,
"Chamaecyparis nootkatensis (D. Don) Spach Alaska yellow-cedar, Nootka cypress",CHNO,,,
"Chamaecyparis obtusa (Sieb. & Zucc.) Endl.  hinoki cypress, Formosan cypress",CHOB,,,
Chamaecyparis pisifera Sieb. & Zucc.,CHPI,,,
Chamaecyparis thyoides (L.) B.S.P.,CHTH,,,
Chlorophora excelsa Benth. & Hook.f.,CLEX,,,
Chorisia speciosa St. Hil.,CHSP,,,
Citharexylum fruticosum L.,CIFR,,,
Copaifera coleosperma Benth.,COCO,,,
Cordia alliodora Oken,COAL,,,
Cordia apurensis Agostini,COAP,,,
Cordia bicolor A.DC.,COBI,,,
Cordia elaeagnoides DC.,COEL,,,
Cordia trichotoma Vell.,COTR,,,
Cornus L.,COSP,,,
Cornus florida L.,COFL,,,
Cornus sanguinea,COSA,,,
Corylus avellana L.,COAV,,,
Corylus sieboldiana,COSI,,,
Cotinus coggygria Scop.,CTCO,,,
Cotoneaster Medik.,CTSP,,,
Crataegus azarolus L.,CRAZ,,,
Crataegus monogyna,CRMO,,,
Cryptomeria japonica (L. f.) D. Don,CMJA,,,
Cupressus arizonica Greene,CUAZ,,,
Cupressus atlantica Gaussen,CUAT,,,
Cupressus dupreziana Camus,CUDU,,,
Cupressus gigantea Cheng & L.K. Fu,CUGI,,,
Cupressus glabra Sudworth,CUGL,,,
Cupressus lusitanica Mill.,CULU,,,
Cupressus sempervirens L.,CUSE,,,
Cyrilla racemiflora L.,CYRA,,,
"Dacrycarpus dacrydioides (A. Rich.) Laubenf. kahikatea, white pine",DADA,,,
Dacrydium bidwillii,DABD,,,
Dacrydium biforme (Hook.) Pilger = Halocarpus biformis Hook.,DABI,,,
Dacrydium colensoi Hook. = Lagarostrobos colensoi (Hook.) C.J.,DACO,,,
Dacrydium cupressinum Lamb.,DACU,,,
Dacrydium franklinii Hook f.,DAFR,,,
Dicorynia guianensis Amsh.,DIGU,,,
Diospyros virginiana L.,DSVI,,,
Discaria toumatou Raoul,DITO,,,
Discaria trinervis Reiche.,DITR,,,
Dracophyllum latifolium Cunn.,DRLA,,,
Drimys winteri J.R. & G. Forst,DRWI,,,
Duschenkia viridis Opiz = Betula ovata Schrank,DUVI,,,
Dysoxylum malabaricum Bedd.,DYMA,,,
Elaeoluma glabrascens (C. Mart. & Eichler) Aubrév.,ELGL,,,
Empetrum rubrum Vahl ex. Willd.,EMRU,,,
Enkianthus campanulatus (Miq.) Nichols,ENCA,,,
Entandrophragma angolense C.DC.,ENAN,,,
Entandrophragma candollei Harms,ENCA,,,
Entandrophragma cylindricum Sprague,ENCY,,,
Entandrophragma utile Sprague,ENUT,,,
Eucalyptus camaldulensis Dehnh.,EUCA,,,
Eucalyptus delegatensis R. Baker,EUDE,,,
Eucalyptus globulus Labill.,EUGL,,,
Eucalyptus marginata Donn. ex Sm.,EUMA,,,
Eucalyptus miniata Cunn. ex Shauer,EUMI,,,
Eucalyptus nesophila Blakely,EUNE,,,
Eucalyptus oreades R.T. Baker,EUOR,,,
Eucalyptus pauciflora Sieb.,EUPA,,,
Eucalyptus stellulata Sieb. ex DC,EUST,,,
Eucalyptus tetradonta F. Muell.,EUTE,,,
Eucalyptus viminalis Labill.,EUVI,,,
Eucryphia cordifolia Cav.,EUCO,,,
Eugenia jambolana Lam.,EUJA,,,
Exocarpus cuppressiforme Labill.,EXCU,,,
Fagus L.,FASP,,,
Fagus grandifolia Ehrh.,FAGR,,,
Fagus orientalis Lipsky,FAOR,angiosperm,deciduous,diffuse-porous
Fagus sylvatica L.,FASY,angiosperm,deciduous,diffuse-porous
Ficus L.,FCSP,,,
Fitzroya cupressoides (Molina) Johnston,FICU,,,
Fraxinus L.,FRSP,,,
Fraxinus americana L.,FRAM,,,
Fraxinus caroliniana Mill.,FRCA,,,
Fagus crenata Blume,FACR,,,
Fraxinus excelsior L.,FREX,,,
Fraxinus mandshurica Rupr.,FRMA,,,
Fraxinus nigra Marsh.,FRNI,,,
Fraxinus pennsylvanica Marsh.,FRPE,,,
Fraxinus spaethiana Lingelsh.,FRSP,,,
Fraxinus velutina Torr.,FRVE,,,
Gevuina avellana,GEAV,,,
Gingko biloba L.,GIBI,,,
Gleditsia triacanthos L.,GLTR,,,
Gmelina arborea Roxb.,GMAR,,,
Gordonia lasianthus (L.) Ellis,GOLA,,,
Goupia glabra Aubl.,GOGL,,,
Grevillea victoriae F. Muell.,GRVI,,,
Guarea cedrata Pellegr.,GUCE,,,
Halocarpus bidwillii,HABD,,,
Halocarpus biformis (Hook.) Quinn,HABI,,,
Halocarpus kirkii,HAKI,,,
Hamamelis virginiana L.,HAVI,,,
Hedycaria angustifolia A. Cunn.,HEAN,,,
Heteromeles arbutifolia (Lindl.) M.J. Roem.,HEAR,,,
Hevea brasiliensis (Wild. ex Adr. de Juss.) Muell. Arg.,HEBR,,,
Ilex aquifolium L.,ILAQ,,,
Ilex cassine L.,ILCA,,,
Ilex coriacea (Pursh) Chapm.,ILCO,,,
Ilex glabra (L.) Gray,ILGL,,,
Ilex inundata Poepp. ex Reisseck,ILIN,,,
Ilex opaca Ait.,ILOP,,,
Jacaranda copaia D.Don,JACO,,,
Juglans australis Griseb.,JGAU,,,
Juglans cinerea L.,JGCI,,,
Juglans nigra L.,JGNI,,,
Juglans regia L.,JGRE,,,
Juniperus L.,JUSP,,,
Juniperus chinensis L.,JUCH,,,
Juniperus communis L.,JUCO,,,
Juniperus deppeana Steud.,JUDE,,,
Juniperus drupacea Labill.,JUDR,,,
Juniperus excelsa Bieb.,JUEX,,,
Juniperus foetidissima Willd.,JUFO,,,
Juniperus macropoda Boiss.,JUMA,,,
Juniperus monosperma (Emgelm.) Sarg.,JUMO,,,
Juniperus occidentalis Hook.,JUOC,,,
Juniperus osteosperma (Torr.) Little,JUOS,,,
Juniperus oxycedrus L.,JUOX,,,
Juniperus phoenicea L.,JUPH,,,
Juniperus pinchotii Sudw.,JUPI,,,
Juniperus procera Hochst. ex Endl.,JUPC,,,
Juniperus przewalskii Kom.,JUPR,,,
Juniperus recurva Buch.-Ham. ex D. Don,JURE,,,
Juniperus scopulorum Sarg.,JUSC,,,
Juniperus semiglobosa Regel,JUSM,,,
Juniperus seravschanica Komar.,JUSE,,,
Juniperus thurifera L.,JUTH,gymnosperm,evergreen,conifer
Juniperus turkestanica Komar.,JUTU,,,
Juniperus virginiana L.,JUVI,,,
Khaya grandifolia C.DC.,KHGR,,,
Krenevaja drevesina,KRDR,,,
Kunzea ericoides (A. Rich.) J. Thompson,KUER,,,
Labatia glomerata,LBGL,,,
Laburnum anagyroides Medik.,LBAN,,,
Lagarostrobus colensoi (Hook.) C.J. Quinn = Dacrydium colensoi Hook.,LGCO,,,
Lagarostrobus franklinii C.J. Quinn,LGFR,,,
Lagerstroemia flos-reginae Retz.,LSFL,,,
Lagerstroemia parviflora Roxb.,LSPA,,,
Lagerstroemia lanceolata Wall.,LSLA,,,
Larix Mill.,LASP,,,
Larix decidua Mill.,LADE,gymnosperm,deciduous,conifer
Larix gmelinii (Rupr.) Litvin.,LAGM,gymnosperm,deciduous,conifer
Larix griffithiana (Lindl. & Gord.) Carr.,LAGR,,,
Larix japonica Carr.,LAJA,,,
Larix laricina (Du Roi) K. Koch,LALA,,,
Larix lyalli Parl.,LALY,,,
Larix occidentalis Nutt.,LAOC,,,
Larix potanini Batal.,LAPO,,,
Larix sibirica Ledeb.,LASI,gymnosperm,deciduous,conifer
Laurelia philippiana Looser,LAPH,,,
Laurelia sempervirens Tul.,LASE,,,
Laxopterigium huasango,LAHU,,,
Lecythis corrugata Poit.,LECO,,,
Lepidothamnus intermedius (Kirk) Quinn,LEIN,,,
Leptospermum flavescens Sm.,LEFL,,,
Leptospermum scoparium Forster & Forster f.,LESC,,,
Libocedrus Endl. incense-cedar,LISP,,,
Libocedrus bidwillii Hook. f.,LIBI,,,
Libocedrus plumosa (D.Don) Sarg.,LIPL,,,
Ligustrum vulgare L.,LGVU,,,
Liquidambar styraciflua L.,LIST,,,
Liriodendron tulipifera L.,LITU,,,
Lomatia fraseri R.Br.,LOFR,,,
Lomatia hitsuta (Lam.) Diel ex. Macbr.,LOHI,,,
Lonicera xylosteum L.,LOXY,,,
Lovoa trichilioides Harms,LOTR,,,
Magnolia accuminata L.,MAAC,,,
Magnolia grandiflora L.,MAGR,,,
Magnolia virginiana L.,MAVI,,,
Malus sylvestris L.,MASY,,,
Manilkara bidentata A. Chev.,MABI,,,
Michelia champaca L.,MICH,,,
Michelia niligirica Zenker,MINI,,,
Moronobea coccinea Aubl.,MOCO,,,
Morus alba L.,MOAL,,,
Morus rubra L.,MORU,,,
Myrica cerifera L.,MYCE,,,
Myrica gale L.,MYGA,,,
Nectandra amazonum,NEAM,,,
Notelaea longifolia Vent.,NTLO,,,
Nothofagus alpina (Poepp. & Endl.) Oerst.,NOAL,,,
Nothofagus antarctica (Forst) Oerst.,NOAN,,,
Nothofagus betuloides (Mirb.) Blume,NOBE,,,
Nothofagus cunninghamii Oerst.,NOCU,,,
Nothofagus dombeyi (Mirb.) Blume,NODO,,,
Nothofagus fusca (Hook. f.) Oerst.,NOFU,,,
Nothofagus gunnii (Hook. f.) Oerst.,NOGU,,,
Nothofagus menziesii (Hook. f.) Oerst.,NOME,,,
Nothofagus nervosa Dim. et Mil.,NONE,,,
Nothofagus nitida Reiche,NONI,,,
Nothofagus obliqua (Mirb.) Blume,NOOB,,,
Nothofagus pumilio (Poepp. & Endl.) Oerst.,NOPU,,,
Nothofagus solandri (Hook. f.) Oerst.,NOSO,,,
Nyssa ogechee Bartr. ex Marsh.,NYOG,,,
Nyssa sylvatica Marsh.,NYSY,,,
Ocotea usambarensis Engl.,OCUS,,,
Ostrya carpinifolia Scop.,OSCA,,,
Oxydendrum arboreum (L.) DC,OXAR,,,
Parapiptadenia rigida Benth.,PARI,,,
Parkia auriculata,PAAU,,,
Paulownia tomentosa (Thumb.) Steud.,PATO,,,
Peronema canescens Jack.,PECA,,,
Persea borbonia (L.) Spreng.,PEBO,,,
Persea lingue Nees,PELI,,,
Petrophile linearis R.Br.,PELN,,,
Phoebe porfiria Mez.,PBPO,,,
Phyllocladus alpinus Hook. f.,PHAL,,,
Phyllocladus aspleniifolius (Labill.) Hook. f.,PHAS,,,
Phyllocladus glaucus Carr.,PHGL,,,
Phyllocladus trichomanoides D. Don in Lamb.,PHTR,,,
Picea A. Dietr.,PCSP,,,
Picea abies (L.) Karst.,PCAB,gymnosperm,evergreen,conifer
Picea asperata Mast.,PCAS,,,
Picea balfouriana,PCBA,,,
Picea brachytyla (Franch.) Pritz.,PCBR,,,
Picea cajanensis Lindl. et Gord.,PCCA,,,
Picea chihuahuana Martinez,PCCH,,,
Picea engelmannii Parry ex Engelm.,PCEN,,,
Picea glauca (Moench) Voss,PCGL,,,
Picea glehnii (Fr. Schmidt) Mast.,PCGN,,,
Picea jezoensis (Sieb. & Zucc.) Carr.,PCJE,,,
Picea likiangensis (Franchet) Pritzel,PCLI,,,
"Picea mariana (Mill.) Britt., Sterns & Poggenb.",PCMA,,,
Picea obovata,PCOB,gymnosperm,evergreen,conifer
Picea omorika (Panc.) Purk.,PCOM,,,
Picea orientalis (L.) Link,PCOR,,,
Picea pungens Engelm.,PCPU,,,
Picea purpurea Mast.,PCPR,,,
Picea rubens Sarg.,PCRU,,,
Picea shrenkiana Fisch. & Meyer,PCSH,,,
Picea sitchensis (Bong.) Carr.,PCSI,,,
Picea smithiana (Wall.) Boiss.,PCSM,,,
Picea tienschanica Rupr.,PCTI,,,
Pilgerodendron uviferum (Pilger) Florin,PLUV,,,
Pinus L.,PISP,gymnosperm,evergreen,conifer
Pinus albicaulis Engelm.,PIAL,gymnosperm,evergreen,conifer
Pinus aristata Engelm. in Parry & Engelm.,PIAR,gymnosperm,evergreen,conifer
Pinus armandii Franchet,PIAM,gymnosperm,evergreen,conifer
Pinus balfouriana Grev. & Balf. in A. Murr.,PIBA,gymnosperm,evergreen,conifer
Pinus banksiana Lamb.,PIBN,gymnosperm,evergreen,conifer
Pinus brutia Ten,PIBR,gymnosperm,evergreen,conifer
Pinus bungeana Zucc.,PIBU,gymnosperm,evergreen,conifer
Pinus canariensis Chr. Sm. ex DC,PICN,gymnosperm,evergreen,conifer
Pinus caribaea Mor.,PICA,gymnosperm,evergreen,conifer
Pinus cembra L.,PICE,gymnosperm,evergreen,conifer
Pinus cembroides Zucc.,PICM,gymnosperm,evergreen,conifer
Pinus chihuahuana Engelm.,PICH,gymnosperm,evergreen,conifer
Pinus contorta Dougl. ex Loud.,PICO,gymnosperm,evergreen,conifer
Pinus coulteri D.Don,PICL,gymnosperm,evergreen,conifer
Pinus densata (See note at bottom),PIDN,gymnosperm,evergreen,conifer
Pinus densiflora Sieb. & Zucc.,PIDE,gymnosperm,evergreen,conifer
Pinus echinata Mill.,PIEC,gymnosperm,evergreen,conifer
Pinus edulis Engelm. in Wisliz.,PIED,gymnosperm,evergreen,conifer
Pinus elliottii Engelm.,PIEL,gymnosperm,evergreen,conifer
Pinus engelmannii Carr.,PIEN,gymnosperm,evergreen,conifer
Pinus flexilis,PIFL,gymnosperm,evergreen,conifer
Pinus gerardiana Wall. ex D. Don.,PIGE,gymnosperm,evergreen,conifer
Pinus halepensis Mill.,PIHA,gymnosperm,evergreen,conifer
Pinus heldreichii Christ,PIHE,gymnosperm,evergreen,conifer
Pinus jeffreyi Grev. & Balf. in A. Murr.,PIJE,gymnosperm,evergreen,conifer
Pinus kesiya Royle ex Gordon,PIKE,gymnosperm,evergreen,conifer
Pinus koraiensis Sieb. & Zucc.,PIKO,gymnosperm,evergreen,conifer
Pinus lagunae M.-F. Passini,PILG,gymnosperm,evergreen,conifer
Pinus lambertiana Dougl.,PILA,gymnosperm,evergreen,conifer
Pinus leucodermis Ant.,PILE,gymnosperm,evergreen,conifer
Pinus longaeva D.K. Bailey,PILO,gymnosperm,evergreen,conifer
Pinus massoniana Lamb.,PIMA,gymnosperm,evergreen,conifer
Pinus merkusii Jungh. & De Vriese,PIMK,gymnosperm,evergreen,conifer
Pinus mesogeensis Fieschi & Gaussen,PIME,gymnosperm,evergreen,conifer
Pinus monophylla Torr. & Frem. in Frem.,PIMO,gymnosperm,evergreen,conifer
Pinus montezumae Lamb.,PIMZ,gymnosperm,evergreen,conifer
Pinus monticola Dougl. ex D. Don in Lamb.,PIMC,gymnosperm,evergreen,conifer
Pinus mughus Scop. = Pinus mugo Turra,PIMU,gymnosperm,evergreen,conifer
Pinus mugo Turra,PIMG,gymnosperm,evergreen,conifer
Pinus muricata D.Don,PIMR,gymnosperm,evergreen,conifer
Pinus nigra Arnold,PINI,gymnosperm,evergreen,conifer
Pinus occidentalis Swartz,PIOC,gymnosperm,evergreen,conifer
Pinus oocarpa Schiede,PIOO,gymnosperm,evergreen,conifer
Pinus palustris Mill.,PIPA,gymnosperm,evergreen,conifer
Pinus patula Schiede & Deppe,PIPT,gymnosperm,evergreen,conifer
Pinus peuce Griseb.,PIPE,gymnosperm,evergreen,conifer
Pinus pinaster Ait.,PIPI,gymnosperm,evergreen,conifer
Pinus pinea L.,PIPN,gymnosperm,evergreen,conifer
Pinus ponderosa Dougl. ex Laws.,PIPO,gymnosperm,evergreen,conifer
Pinus pumila (Pall.) Regel,PIPM,gymnosperm,evergreen,conifer
Pinus pungens Lamb.,PIPU,gymnosperm,evergreen,conifer
Pinus quadrifolia Parl. ex Sudw.,PIQU,gymnosperm,evergreen,conifer
Pinus radiata D. Don,PIRA,gymnosperm,evergreen,conifer
Pinus resinosa Ait.,PIRE,gymnosperm,evergreen,conifer
Pinus rigida Mill.,PIRI,gymnosperm,evergreen,conifer
Pinus roxburghii Sarg.,PIRO,gymnosperm,evergreen,conifer
Pinus sibirica Du Tour,PISI,gymnosperm,evergreen,conifer
Pinus strobiformis Engelm.,PISF,gymnosperm,evergreen,conifer
Pinus strobus L.,PIST,gymnosperm,evergreen,conifer
Pinus sylvestris L.,PISY,gymnosperm,evergreen,conifer
Pinus tabulaeformis Carr.,PITB,gymnosperm,evergreen,conifer
Pinus taeda L.,PITA,gymnosperm,evergreen,conifer
Pinus thunbergii Parl.,PITH,gymnosperm,evergreen,conifer
Pinus torreyana Parry ex Carr.,PITO,gymnosperm,evergreen,conifer
Pinus uncinata Mill. ex Mirb. in Buffon,PIUN,gymnosperm,evergreen,conifer
Pinus virginiana Mill.,PIVI,gymnosperm,evergreen,conifer
Pinus wallichiana A.B. Jackson,PIWA,gymnosperm,evergreen,conifer
Pisonia grandis R.Br.,PSGR,,,
Pistacia L.,PTSP,,,
Pistacia atlantica Desf.,PTAT,,,
Pistacia khinjuk Stocks.,PTKH,,,
Pistacia palaestina Boiss.,PTPA,,,
Pistacia vera L.,PTVE,,,
Platanus acerifolia (Ait.) Willd.,PLAC,,,
Platanus occidentalis L.,PLOC,,,
Platanus orientalis L.,PLOR,,,
Platonia insignis Mart.,PLIN,,,
Platyeladus orientalis,PLOR,,,
Polyscias sambucifolius (Sieber ex DC.) Harms,PYSA,,,
Podocarpus L'Heritier ex Persoon,POSP,,,
Podocarpus falcatus (Thumb.) Br.,POFA,,,
Podocarpus hallii Kirk,POHA,,,
Podocarpus lawrencei Hook. f.,POLA,,,
Podocarpus neriifolius D.Don,PONE,,,
Podocarpus nivalis Hook.,PONI,,,
Podocarpus nubigensus Lindl. ex Paxt,PONU,,,
Podocarpus parlatorei Podocarpus spicatus,POPA,,,
Podocarpus totara D. Don,POTO,,,
Populus L.,PPSP,,,
Populus alba L.,PPAL,,,
Populus angustifolia James,PPAN,,,
Populus balsamifera L.,PPBA,,,
Populus deltoides Bartr. ex Marsh.,PPDE,,,
Populus euphratica Oliv.,PPEU,,,
Populus fastigiata,PPFA,,,
Populus fremontii Wats.,PPFR,,,
Populus grandidentata Michx.,PPGR,,,
Populus nigra L.,PPNI,,,
Populus sieboldii Miq.,PPSI,,,
Populus tremuloides Michx.,PPTR,,,
Populus trichocarpa Torr. & Gray.,PPTC,,,
Premna maxima T.C.E. Fries,PRMX,,,
Prosopis L.,PROS,,,
Prosopis flexuosa DC.,PRFL,,,
Prosopis glandulosa Torr.,PRGL,,,
Prumnopitys andina = Podocarpus andinus,PMAN,,,
Prumnopitys ferruginea (D. Don) Laubenf.,PMFE,,,
Prumnopitys taxifolia (D. Don) Laubenf.,PMTA,,,
Prunus americana Marsh.,PNAM,,,
Prunus avium L.,PNAV,,,
Prunus ilicifolia (Nutt. ex Hook & Arn.) D. Dietr.,PNIL,,,
Prunus mahaleb L.,PNMA,,,
Prunus pennsylvanica L.f.,PNPE,,,
Prunus serotina Ehrh.,PNSE,,,
Prunus spinosa Ehrh.,PNSP,,,
Pseudobombax munguba Mart. & Zucc.,PSMU,,,
Pseudobombax septenatum (Jacq.) Dugand,PSSE,,,
Pseudotsuga japonica (Shirasawa) Beissn.,PSJA,,,
Pseudotsuga macrocarpa (Vasey) Mayr,PSMA,,,
Pseudotsuga menziesii (Mirb.) Franco,PSME,gymnosperm,evergreen,conifer
Pseudowintera axillaris (Forster & Forster f.) Dandy,PSAX,,,
Pseudowintera colorata (Raoul) Dandy,PSCO,,,
Pseudoxandra polyphleba (Diels) R.E. Fr.,PSXA,,,
Pterocarpus angolensis DC.,PTAN,,,
Pterocarpus vernalis Pittier,PTVE,,,
Pterocarya rhoifolia Sieb. & Zucc.,PTRH,,,
Pteronia pallens DC.,PTPA,,,
Purshia DC. ex Poir.,PUSP,,,
Purshia tridentata (Pursh) DC.,PUTR,,,
Quercus L.,QUSP,,,
Quercus acutissima Carruth.,QUAC,,,
Quercus afares Pomel,QUAF,,,
Quercus alba L.,QUAL,,,
Quercus bicolor Willd.,QUBI,,,
Quercus boissieri Reut.,QUBO,angiosperm,deciduous,ring-porous
Quercus brantii Lindley,QUBR,,,
Quercus calliprinos Webb,QUCL,,,
Quercus canariensis Willd.,QUCA,,,
Quercus cerris L.,QUCE,,,
Quercus coccinea Muenchh.,QUCO,,,
Quercus copeyensis,QUCP,,,
Quercus costaricensis,QUCR,,,
Quercus dentata Thunb.,QUDE,,,
Quercus douglasii Hook. and Arn.,QUDG,,,
Quercus dschoruchensis K. Koch,QUDS,,,
Quercus ellipsoidalis E.J. Hill,QUEL,,,
Quercus emoryi Torr. in Emory,QUEM,,,
Quercus engelmannii Greene,QUEN,,,
Quercus faginea Lam.,QUFG,,,
Quercus falcata Michx.,QUFA,,,
Quercus frainetto Ten.,QUFR,,,
Quercus gambelii Nutt.,QUGA,,,
Quercus garryana Dougl. ex Hook,QUGY,,,
Quercus grisea Liebm.,QUGR,,,
Quercus hartwissiana Steven,QUHA,,,
Quercus ilex L.,QUIL,,,
Quercus ithaburensis (Decne.) Boiss.,QUIT,angiosperm,deciduous,ring-porous
Quercus kelloggii Newb.,QUKE,,,
Quercus laurifolia Michx.,QULA,,,
Quercus lobata Nee,QULO,,,
Quercus lusitanica Lam.,QULU,,,
Quercus lyrata Walt.,QULY,,,
Quercus macrocarpa Michx.,QUMA,,,
Quercus macrolepis Kotschy,QUMC,,,
Quercus marilandica Muenchh.,QUML,,,
Quercus michauxii Walt.,QUMI,,,
Quercus mongolica Fisch. ex Turcz.,QUMO,,,
Quercus mongolica var. grosseserrata (Bulme) Rehd. & Wils.,QUGS,,,
Quercus muehlenbergii Engelm.,QUMU,,,
Quercus nigra L.,QUNI,,,
Quercus palustris Muenchh.,QUPA,,,
Quercus petraea (Mattuschka) Liebl.,QUPE,angiosperm,deciduous,ring-porous
Quercus pontica K. Koch,QUPO,,,
Quercus prinus L.,QUPR,,,
Quercus pubescens Willd.,QUPU,angiosperm,deciduous,ring-porous
Quercus pyrenaica Willd.,QUPY,angiosperm,deciduous,ring-porous
Quercus robur L.,QURO,angiosperm,deciduous,ring-porous
Quercus rubra L.,QURU,,,
Quercus shumardii Buckl.,QUSH,,,
Quercus stellata Wangenh.,QUST,,,
Quercus suber L.,QUSU,,,
Quercus velutina Lam.,QUVE,,,
Quintinia acutifolia Kirk.,QUAC,,,
Rapanea guianensis Aubl.,RAGU,,,
Recordoxylon speciosum Normand & Mariaux,RESP,,,
Rhamnus caroliniana Walt.,RHCA,,,
Rhamnus cathartica L.,RHCT,,,
Rhamnus crocea Nutt.,RHCR,,,
Rhus ovata Wats.,RHOV,,,
Robinia neomexicana Gray,RONE,,,
Robinia pseudoacacia L.,ROPS,,,
Sabina pingu,SBPI,,,
Sabina recurva,SBRE,,,
Sabina saltuaria,SBSA,,,
Sabina tibetica,SBTI,,,
Sabina wallichiana,SBWA,,,
Salix L.,SASP,,,
Salix acutifolia Willd.,SAAC,,,
Salix alba L.,SAAL,,,
Salix amygdalina L.,SAAM,,,
Salix amygdaloides Anderss.,SAAD,,,
Salix arbusculoides Anderss.,SAAR,,,
Salix arctica Pall.,SAAT,,,
Salix babylonica L.,SABA,,,
Salix candida Fluegge,SACN,,,
Salix caprea L.,SACA,,,
Salix caroliniana Michx.,SACR,,,
Salix discolor Muhl.,SADI,,,
Salix elaeagnos Scop.,SAEL,,,
Salix exigua Nutt.,SAEX,,,
Salix glauca L.,SAGL,,,
Salix lanata L.,SALA,,,
Salix lasiolepis Benth.,SALS,,,
Salix myrsinifolia Salisb.,SAMY,,,
Salix phylicifolia L.,SAPH,,,
Salix planifolia Pursh,SAPL,,,
Salix purpurea L.,SAPU,,,
Salix viminalis L.,SAVI,,,
Santalum album L.,SNAL,,,
Sassafras albinum (Nutt.) Nees,SSAL,,,
Sapium styllare Muell. Arg.,SSAL,,,
Saxegothaea conspicua Lindl.,SACO,,,
Schleichera trijuga Willd.,SCTR,,,
Schleronema micranthum Ducke.,SCMI,,,
Sciadopitys verticillata (Thunb.) Sieb. & Zucc.,SCVE,,,
Sequoia sempervirens (D. Don) Endl.,SESE,,,
Sequoiadendron giganteum (Lindl.) Buchholz giant sequoia,SEGI,,,
Shorea robusta Gaertn.f.,SHRO,,,
Simarouba amara Aubl.,SIAM,,,
Sorbus americana Marsh.,SOAM,,,
Sorbus aria (L.) Crantz,SOAR,,,
Sorbus aucuparia L.,SOAU,,,
Sorbus torminalis (L.) Crantz,SOTE,,,
Sorocea duckei W.C. Burger,SODU,,,
Stuartia pseudocamelliad var.,STPS,,,
Swartzia laevicarpa Amsh.,SWLA,,,
Swietenia macrophylla King,SWMC,,,
Swietenia mahagoni Jacq.,SWMA,,,
Symphonia globulifera L.F.,SYGL,,,
Tabebuia barbata (E. Mey) Sandw.,TABA,,,
Tamarix aphylla Lanza,TMAP,,,
Tamarix chinensis Lour.,TMCH,,,
Tamarix jordanis,TMJO,,,
Tapirira guianensis Aubl.,TPGU,,,
Tasmannia xerophila M. Gray,TMXE,,,
Taxodium ascendens Brong.,TAAS,,,
Taxodium distichum (L.) Rich.,TADI,,,
Taxodium mucronatum Ten.,TAMU,,,
Taxus baccata L.,TABA,,,
Taxus cuspidata Sieb. & Zucc.,TACU,,,
Tectona grandis L. f.,TEGR,,,
Terminalia brownii,TEBR,,,
Terminalia guianensis Aubl.,TEGU,,,
Terminalia tomentosa W. & A.,TETO,,,
Tetraclinis articulata (Vahl) Mast.,TEAR,,,
Thuja L.,THSP,,,
Thuja occidentalis L.,THOC,,,
Thuja orientalis L.,THOR,,,
Thuja plicata Donn ex D. Don,THPL,,,
Thuja standishii (Gord.) Carr.,THST,,,
Thujopsis dolabrata (L.f.) Sieb. & Zucc.,THDO,,,
Thujopsis dolabrata var. hondai Makino,THHO,,,
Tilia L.,TISP,,,
Tilia americana L.,TIAM,,,
Tilia cordata Mill.,TICO,,,
Tilia platyphyllos Scop.,TIPL,,,
Torreya californica Torrey,TOCA,,,
Triplochiton schleroxylon K. Schum.,TRSC,,,
Tristania conferta R.Br.,TRCO,,,
Tsuga Carr.,TSSP,,,
Tsuga canadensis (L.) Carr.,TSCA,,,
Tsuga caroliniana Engelm.,TSCR,,,
Tsuga chinensis (Franch.) Pritz.,TSCH,,,
Tsuga diversifolia (Maxim.) Mast.,TSDI,,,
Tsuga dumosa (D.Don) Eichl.,TSDU,,,
Tsuga heterophylla (Raf.) Sarg.,TSHE,,,
Tsuga mertensiana (Bong.) Carr.,TSME,,,
Tsuga sieboldii Carr.,TSSI,,,
Ulmus L.,ULSP,,,
Ulmus glabra Hudson,ULGL,,,
Ulmus laevis Pall.,ULLA,,,
Ulmus minor Mill.,ULMI,,,
Ulmus pumila L.,ULPU,,,
Ulmus rubra Muhl.,ULRU,,,
Vibernum lantana L.,VBLA,,,
Virola melinonii A.C. Smith,VIME,,,
Vitex keniensis Turr,VIKE,,,
Vouacapoua americana Aubl.,VOAM,,,
Weinmannia racemosa L.f.,WERA,,,
Weinmannia trichosperma Cav.,WETR,,,
Widdringtonia cedarbergensis J.A. Marsh,WICE,,,
Ziziphus spina-christi,ZISP,,,
Zygophyllum L.,ZYSP,,,
Zygophyllum dumosum Boiss.,ZYDU,,,